INSERT INTO `PhieuNhapKho`  (`MaPhieu`,     `NgayNhapKho`,          `TongGiaTri`, `MaNCC`, `MaQuanLy`)
VALUES                      (1,             '2023-01-20 00:00:00',  10000000,       2,      1),
                            (2,             '2023-02-20 00:00:00',  10000000,       3,      3),
                            (3,             '2023-02-22 00:00:00',  10000000,       3,      3),
                            (4,             '2024-01-25 00:00:00',  2500000,        4,      3);



INSERT INTO `CTPNK` (`SoLuong`,`DonGiaNhap`   ,`ThanhTien`, `MaPhieu`,       `MaSP`)
VALUES              (10,       100000,  			1000000,         1,          1),
                    (10,       100000,  			1000000,         1,          2),
                    (10,       100000,  			1000000,         1,          3),
                    (10,       100000,  			1000000,         1,          4),
                    (10,       100000,  			1000000,         1,          5),
                    (10,       100000,  			1000000,         1,          6),
                    (10,       100000,  			1000000,         1,          7),
                    (10,       100000,  			1000000,         1,          8),
                    (10,       100000,  			1000000,         1,          9),
                    (10,       100000,  			1000000,         1,          10),
                    (10,       100000,  			1000000,         2,          11),
                    (10,       100000,  			1000000,         2,          12),
                    (10,       100000,  			1000000,         2,          13),
                    (10,       100000,  			1000000,         2,          14),
                    (10,       100000,  			1000000,         2,          15),
                    (10,       100000,  			1000000,         2,          16),
                    (10,       100000,  			1000000,         2,          17),
                    (10,       100000,  			1000000,         2,          18),
                    (10,       100000,  			1000000,         2,          19),
                    (10,       100000,  			1000000,         2,          20),
                    (10,       100000,  			1000000,         3,          21),
                    (10,       100000,  			1000000,         3,          22),
                    (10,       100000,  			1000000,         3,          23),
                    (10,       100000,  			1000000,         3,          24),
                    (10,       100000,  			1000000,         3,          25),
                    (10,       100000,  			1000000,         3,          26),
                    (10,       100000,  			1000000,         3,          27),
                    (10,       100000,  			1000000,         3,          28),
                    (10,       100000,  			1000000,         3,          29),
                    (10,       100000,  			1000000,         3,          30),
                    (5 ,       100000,  			500000,          4,          1),
                    (5 ,       100000,  			500000,          4,          2),
                    (5 ,       100000,  			500000,          4,          3),
                    (5 ,       100000,  			500000,          4,          4),
                    (5 ,       100000,  			500000,          4,          5);


INSERT INTO `DonHang`   (`MaDH`,        `NgayDat`,                `TongGiaTri`,       `MaKH`, 		`PhuongThucThanhToan`, `PhuongThucVanChuyen`, `DiaChiGiaoHang`)
VALUES                  (1,             '2023-09-02 10:00:00',     12800000,              5,            "TienMat"		,	"ChuyenPhatNhanh"				, "123 TPHCM"),
                        (2,             '2023-09-02 10:00:00',     20000000,              5,            "TienMat"		,	"ChuyenPhatNhanh"				, "123 TPHCM"),
                        (3,             '2023-09-02 10:00:00',     12000000,              4,            "TienMat"		,	"ChuyenPhatNhanh"				, "123 TPHCM"),
						(4,             '2023-09-02 10:00:00',     10000000,              6,            "TienMat"		,	"ChuyenPhatNhanh"				, "123 TPHCM"),
                        (5,             '2023-09-02 10:00:00',     11000000,              8,            "TienMat"		,	"ChuyenPhatNhanh"				, "123 TPHCM"),
                        (6,             '2023-09-02 12:00:00',     53000000,              8,            "ChuyenKhoan"	,	"GiaoHangTietKiem"				, "123 TPHCM"),

                        (7,             '2024-01-15 10:00:00',     70100000,              12,            "ChuyenKhoan"	,	"GiaoHangTietKiem"				, "123 TPHCM"),
                        (8,             '2024-01-16 10:00:00',     17850000,              14,            "ChuyenKhoan"  ,	"GiaoHangTietKiem"				, "123 TPHCM"),
                        (9,             '2024-01-19 10:00:00',     17850000,              13,            "ChuyenKhoan"	,	"GiaoHangTietKiem"				, "123 TPHCM"),
                        (10,            '2024-01-20 10:00:00',     17850000,              11,            "ChuyenKhoan"	,	"GiaoHangTietKiem"				, "123 TPHCM");

                        
INSERT INTO `TrangThaiDonHang` (`TrangThai`, 				`NgayCapNhat`, 			 `MaDH`)
VALUES 							('ChoDuyet', 				'2023-09-02 10:00:00', 	    1),
								('ChoDuyet', 				'2023-09-02 10:00:00', 	    2),
								('ChoDuyet', 				'2023-09-02 10:00:00', 	    3),
								('ChoDuyet', 				'2023-09-02 10:00:00', 	    4),
								('ChoDuyet', 				'2023-09-02 10:00:00', 	    5),

                                ('DaDuyet', 				'2023-09-02 15:00:00', 	    1),
								('DaDuyet', 				'2023-09-02 15:00:00', 	    2),
								('DaDuyet', 				'2023-09-02 15:00:00', 	    3),
								('DaDuyet', 				'2023-09-02 15:00:00', 	    4),
								('Huy', 				    '2023-09-02 11:00:00', 	    5),
								('ChoDuyet', 				'2023-09-02 12:00:00', 	    6),
                                ('DaDuyet', 				'2023-09-02 15:00:00', 	    6),

                                ('GiaoThanhCong', 				'2023-09-04 15:00:00', 	    1),
								('GiaoThanhCong', 				'2023-09-05 15:00:00', 	    2),
								('GiaoThanhCong', 				'2023-09-04 11:00:00', 	    3),
								('GiaoThanhCong', 				'2023-09-03 12:00:00', 	    4),
                                ('GiaoThanhCong', 				'2023-09-06 15:00:00', 	    6),

                                ('ChoDuyet', 				'2024-01-15 10:00:00', 	    7),
								('ChoDuyet', 				'2024-01-16 10:00:00', 	    8),
								('ChoDuyet', 				'2024-01-19 10:00:00', 	    9),
								('ChoDuyet', 				'2024-01-20 10:00:00', 	    10),

                                ('DaDuyet', 				'2024-01-15 15:00:00', 	    7),
                                ('DaDuyet', 				'2024-01-16 15:00:00', 	    8),
								('DaDuyet', 				'2024-01-19 15:00:00', 	    9),
								('Huy', 				    '2024-01-20 10:20:00', 	    10),

                                ('GiaoThanhCong', 				'2024-01-17 15:00:00', 	    7),
                                ('GiaoThanhCong', 				'2024-01-18 15:00:00', 	    8),
								('Huy', 				        '2024-01-20 15:00:00', 	    9);


                                
INSERT INTO `CTDH`  (  `MaDH`,  `MaSP`,   `DonGia`  ,`SoLuong`,     `ThanhTien`)
VALUES              (1 ,        16,     1280000     ,10      ,       12800000),
                    (2 ,        17,     2000000     ,10      ,       20000000),
                    (3 ,        18,     1200000     ,10      ,       12000000),
                    (4 ,        19,     1000000     ,10      ,       10000000),
                    (5 ,        20,     1100000     ,10      ,       11000000),
                    (6 ,        20,     1100000     ,10      ,       11000000), 
                    (6 ,        21,     4200000     ,10      ,       42000000), 

                    (7 ,        26,     2300000     ,10      ,       23000000),
                    (7 ,        27,     950000      ,10      ,       9500000),
                    (7 ,        28,     1190000     ,10      ,       11900000),
                    (7 ,        29,     920000      ,10      ,       9200000), 
                    (7 ,        30,     1650000     ,10      ,       16500000), 

                    (8 ,        1,      850000      ,5      ,       4250000),
                    (8 ,        2,      120000      ,5      ,        600000),
                    (8 ,        3,      1100000     ,5      ,       5500000),
                    (8 ,        4,      650000      ,5      ,       3250000), 
                    (8 ,        5,      850000      ,5      ,       4250000), 

                    (9 ,        1,     850000       ,5      ,       4250000),
                    (9 ,        2,     120000       ,5      ,        600000),
                    (9 ,        3,     1100000      ,5      ,       5500000),
                    (9 ,        4,     650000       ,5      ,       3250000), 
                    (9 ,        5,     850000       ,5      ,       4250000), 

                    (10 ,        1,     850000      ,5      ,       4250000),
                    (10 ,        2,     120000      ,5      ,        600000),
                    (10 ,        3,     1100000     ,5      ,       5500000),
                    (10 ,        4,     650000      ,5      ,       3250000), 
                    (10 ,        5,     850000      ,5      ,       4250000);
